Ref;Reserva;Nombre;Apellido
PA01;RE01;Carlos;Hernández
PA02;RE02;Jack;Olivera
PA02;RE02;Jill;Perk
PA04;RE03;Cristian;Sexto
PA05;RE03;Marta;Lopez
PA06;RE04;Ana;Rodríguez
PA07;RE04;Lucas;Morales
PA08;RE05;Juan;Pérez
PA09;RE05;Franco;Gonzalez
PA10;RE06;Emily;Johnson
PA11;RE06;Jack;Jhonson
PA12;RE06;Liberty;Trent
PA13;RE06;Marc;Ruffalo
PA14;RE06;Jessica;Landon
PA15;RE06;Robert;Shank
PA16;RE06;Frank;Trent
PA17;RE06;Lucy;Felton
PA18;RE07;Emily;Johnson
PA19;RE07;Jack;Jhonson
PA20;RE07;Trent;Jhonson
PA21;RE08;Emily;Johnson
PA22;RE09;Juan;Pérez
PA23;RE10;Carlos;Hernández
PA24;RE10;Marta;Lima
PA25;RE11;Carlos;Hernández
PA26;RE11;Marta;Lima